<vm version="2.0"><group id="47c02f756871509c072ce7effa55408a"><entry><agency>SFEC</agency><schema>Employee_Status</schema><value>A</value></entry><entry><agency>Target</agency><schema>Status_Code</schema><value>1</value></entry></group><group id="5b347ebf7583098b1364fcee318b79dd"><entry><agency>SFEC</agency><schema>Employee_Status</schema><value>T</value></entry><entry><agency>Target</agency><schema>Status_Code</schema><value>3</value></entry></group><group id="2d2b8d509278180d784f221cb282a071"><entry><agency>SFEC</agency><schema>Employee_Status</schema><value>P</value></entry><entry><agency>Target</agency><schema>Status_Code</schema><value>4</value></entry></group><group id="3dadb0a6ffaa7f80e8a1982dc1ede0db"><entry><agency>SFEC</agency><schema>Employee_Status</schema><value>U</value></entry><entry><agency>Target</agency><schema>Status_Code</schema><value>5</value></entry></group></vm>