<?xml version="1.0" encoding="UTF-8"?><vm version="2.0"><group id="09a3442104e3e0b03d816a8d30cc3cab"><entry><agency>EC</agency><schema>EC_NAME_SUFFIX</schema><value>DC</value></entry><entry><agency>Target</agency><schema>NAME_SUFFIX</schema><value>DC</value></entry></group><group id="f6a3307d92040b6d6dc4c7a9c79a08cd"><entry><agency>EC</agency><schema>EC_NAME_SUFFIX</schema><value>DDS</value></entry><entry><agency>Target</agency><schema>NAME_SUFFIX</schema><value>DDS</value></entry></group><group id="0c2666ff6063439a68fbb5e59cc5b63e"><entry><agency>EC</agency><schema>EC_NAME_SUFFIX</schema><value>DO</value></entry><entry><agency>Target</agency><schema>NAME_SUFFIX</schema><value>DO</value></entry></group><group id="f3a21a93682d4be7919f245b08c2b8fe"><entry><agency>EC</agency><schema>EC_NAME_SUFFIX</schema><value>DPM</value></entry><entry><agency>Target</agency><schema>NAME_SUFFIX</schema><value>DPM</value></entry></group><group id="227627cb2e746d713018d4c0908a4c8b"><entry><agency>EC</agency><schema>EC_NAME_SUFFIX</schema><value>DVM</value></entry><entry><agency>Target</agency><schema>NAME_SUFFIX</schema><value>DVM</value></entry></group><group id="78d7e964e56147eba306651f42c4a778"><entry><agency>EC</agency><schema>EC_NAME_SUFFIX</schema><value>Ed.D.</value></entry><entry><agency>Target</agency><schema>NAME_SUFFIX</schema><value>Ed.D.</value></entry></group><group id="326ec30db97fca6f138a091f03078530"><entry><agency>EC</agency><schema>EC_NAME_SUFFIX</schema><value>Fr.</value></entry><entry><agency>Target</agency><schema>NAME_SUFFIX</schema><value>Fr.</value></entry></group><group id="8300eaccd522904659920dd833a0057b"><entry><agency>EC</agency><schema>EC_NAME_SUFFIX</schema><value>Jr.</value></entry><entry><agency>Target</agency><schema>NAME_SUFFIX</schema><value>Jr.</value></entry></group><group id="0daca68c7cb4f8d5556f6b3035d49fa5"><entry><agency>EC</agency><schema>EC_NAME_SUFFIX</schema><value>MD.</value></entry><entry><agency>Target</agency><schema>NAME_SUFFIX</schema><value>MD.</value></entry></group><group id="f28a5b8a487cdeb320a2b1453d5a9a32"><entry><agency>EC</agency><schema>EC_NAME_SUFFIX</schema><value>OD</value></entry><entry><agency>Target</agency><schema>NAME_SUFFIX</schema><value>OD</value></entry></group><group id="35176ecb7e36858813f8572e3d06f5be"><entry><agency>EC</agency><schema>EC_NAME_SUFFIX</schema><value>Ph.D.</value></entry><entry><agency>Target</agency><schema>NAME_SUFFIX</schema><value>Ph.D.</value></entry></group><group id="5bf56cc86356487a419ecd1837bb5281"><entry><agency>EC</agency><schema>EC_NAME_SUFFIX</schema><value>Rev.</value></entry><entry><agency>Target</agency><schema>NAME_SUFFIX</schema><value>Rev.</value></entry></group><group id="f1d1088e1f7bd4f4c04687e45fc8f550"><entry><agency>EC</agency><schema>EC_NAME_SUFFIX</schema><value>Sr.</value></entry><entry><agency>Target</agency><schema>NAME_SUFFIX</schema><value>Sr.</value></entry></group><group id="f818fc0e4c4511e9a23babafe4b8a624"><entry><agency>EC</agency><schema>EC_NAME_SUFFIX</schema><value>III</value></entry><entry><agency>Target</agency><schema>NAME_SUFFIX</schema><value>III</value></entry></group><group id="f89e15f7c9c27ae0866f7addf53563bf"><entry><agency>EC</agency><schema>EC_NAME_SUFFIX</schema><value>IV</value></entry><entry><agency>Target</agency><schema>NAME_SUFFIX</schema><value>IV</value></entry></group><group id="9c626c2abb1f3154db08a5031fdcf3c5"><entry><agency>EC</agency><schema>EC_NAME_SUFFIX</schema><value>V</value></entry><entry><agency>Target</agency><schema>NAME_SUFFIX</schema><value>V</value></entry></group><group id="f46d711e04fe125160a23f737e04ef9d"><entry><agency>EC</agency><schema>EC_NAME_SUFFIX</schema><value>VI</value></entry><entry><agency>Target</agency><schema>NAME_SUFFIX</schema><value>VI</value></entry></group><group id="41fd9304d56d911a688d8c01ed392498"><entry><agency>EC</agency><schema>EC_NAME_SUFFIX</schema><value>VII</value></entry><entry><agency>Target</agency><schema>NAME_SUFFIX</schema><value>VII</value></entry></group><group id="e32fb690da8e8d5cc487397e31e34732"><entry><agency>EC</agency><schema>EC_NAME_SUFFIX</schema><value>VIII</value></entry><entry><agency>Target</agency><schema>NAME_SUFFIX</schema><value>VIII</value></entry></group><group id="fec7c066c4779c5642e84ca5fb5a7694"><entry><agency>EC</agency><schema>EC_NAME_SUFFIX</schema><value>IX</value></entry><entry><agency>Target</agency><schema>NAME_SUFFIX</schema><value>IX</value></entry></group><group id="0b363971c7746e1b8682cb2064592b7b"><entry><agency>EC</agency><schema>EC_NAME_SUFFIX</schema><value>X</value></entry><entry><agency>Target</agency><schema>NAME_SUFFIX</schema><value>X</value></entry></group></vm>